               epoch,      train/box_loss,      train/obj_loss,      train/cls_loss,   metrics/precision,      metrics/recall,     metrics/mAP_0.5,metrics/mAP_0.5:0.95,        val/box_loss,        val/obj_loss,        val/cls_loss,               x/lr0,               x/lr1,               x/lr2
                   0,             0.12564,             0.03483,                   0,                   0,                   0,                   0,                   0,             0.12673,            0.036223,                   0,                   0,                   0,                 0.1
                   1,             0.12805,            0.037973,                   0,                   0,                   0,                   0,                   0,             0.12661,            0.035785,                   0,           9.967e-05,           9.967e-05,              0.0991
                   2,             0.12681,            0.035446,                   0,                   0,                   0,                   0,                   0,              0.1263,            0.035769,                   0,          0.00019868,          0.00019868,            0.098199
                   3,             0.12783,            0.034507,                   0,                   0,                   0,                   0,                   0,             0.12584,            0.035841,                   0,          0.00029703,          0.00029703,            0.097297
                   4,             0.12303,            0.036488,                   0,                   0,                   0,                   0,                   0,             0.12531,            0.035927,                   0,          0.00039472,          0.00039472,            0.096395
                   5,             0.12442,            0.036403,                   0,                   0,                   0,                   0,                   0,              0.1247,            0.035908,                   0,          0.00049175,          0.00049175,            0.095492
                   6,             0.12256,            0.035568,                   0,                   0,                   0,                   0,                   0,             0.12405,            0.035976,                   0,          0.00058812,          0.00058812,            0.094588
                   7,              0.1261,            0.038177,                   0,                   0,                   0,                   0,                   0,             0.12358,            0.035892,                   0,          0.00068383,          0.00068383,            0.093684
                   8,             0.12157,              0.0377,                   0,                   0,                   0,                   0,                   0,             0.12322,            0.035829,                   0,          0.00077888,          0.00077888,            0.092779
                   9,             0.12031,            0.042245,                   0,                   0,                   0,                   0,                   0,             0.12285,            0.035812,                   0,          0.00087327,          0.00087327,            0.091873
                  10,             0.12005,            0.035657,                   0,                   0,                   0,                   0,                   0,             0.12248,            0.035908,                   0,            0.000967,            0.000967,            0.090967
                  11,             0.11976,            0.040151,                   0,                   0,                   0,                   0,                   0,             0.12213,            0.035625,                   0,           0.0010601,           0.0010601,             0.09006
                  12,             0.12063,            0.039902,                   0,                   0,                   0,                   0,                   0,             0.12194,            0.035669,                   0,           0.0011525,           0.0011525,            0.089152
                  13,              0.1199,            0.037924,                   0,                   0,                   0,                   0,                   0,             0.12156,            0.035602,                   0,           0.0012442,           0.0012442,            0.088244
                  14,             0.11561,            0.034567,                   0,                   0,                   0,                   0,                   0,             0.12134,            0.035538,                   0,           0.0013353,           0.0013353,            0.087335
                  15,             0.11791,            0.036682,                   0,                   0,                   0,                   0,                   0,             0.12088,            0.035226,                   0,           0.0014257,           0.0014257,            0.086426
                  16,             0.11368,            0.034936,                   0,                   0,                   0,                   0,                   0,             0.11996,            0.035261,                   0,           0.0015155,           0.0015155,            0.085516
                  17,             0.11567,             0.03944,                   0,                   0,                   0,                   0,                   0,             0.11996,            0.035091,                   0,           0.0016046,           0.0016046,            0.084605
                  18,             0.11161,            0.034898,                   0,                   0,                   0,                   0,                   0,             0.11924,            0.035099,                   0,           0.0016931,           0.0016931,            0.083693
                  19,              0.1146,            0.035767,                   0,                   0,                   0,                   0,                   0,             0.11924,            0.035099,                   0,           0.0017809,           0.0017809,            0.082781
                  20,              0.1104,            0.040485,                   0,                   0,                   0,                   0,                   0,             0.11854,            0.034755,                   0,            0.001868,            0.001868,            0.081868
                  21,             0.10992,            0.035932,                   0,                   0,                   0,                   0,                   0,             0.11854,             0.03494,                   0,           0.0019545,           0.0019545,            0.080954
                  22,             0.11413,            0.040547,                   0,                   0,                   0,                   0,                   0,             0.11806,            0.034829,                   0,           0.0020403,           0.0020403,             0.08004
                  23,             0.10959,            0.037775,                   0,                   0,                   0,                   0,                   0,             0.11806,            0.034829,                   0,           0.0021254,           0.0021254,            0.079125
                  24,             0.11367,             0.03488,                   0,                   0,                   0,                   0,                   0,             0.11731,            0.034784,                   0,           0.0022099,           0.0022099,             0.07821
                  25,             0.10619,            0.034338,                   0,                   0,                   0,                   0,                   0,             0.11731,            0.034784,                   0,           0.0022938,           0.0022938,            0.077294
                  26,             0.10974,            0.039471,                   0,                   0,                   0,                   0,                   0,             0.11678,            0.034589,                   0,           0.0023769,           0.0023769,            0.076377
                  27,             0.11232,            0.036673,                   0,                   0,                   0,                   0,                   0,             0.11678,            0.034387,                   0,           0.0024594,           0.0024594,            0.075459
                  28,             0.10649,            0.036899,                   0,                   0,                   0,                   0,                   0,             0.11581,            0.034355,                   0,           0.0025413,           0.0025413,            0.074541
                  29,             0.10968,            0.036505,                   0,                   0,                   0,                   0,                   0,             0.11581,            0.034442,                   0,           0.0026225,           0.0026225,            0.073622
                  30,              0.1086,            0.041059,                   0,                   0,                   0,                   0,                   0,             0.11486,            0.034485,                   0,            0.002703,            0.002703,            0.072703
                  31,             0.10756,            0.039868,                   0,                   0,                   0,                   0,                   0,             0.11486,            0.034285,                   0,           0.0027829,           0.0027829,            0.071783
                  32,             0.11001,            0.030424,                   0,                   0,                   0,                   0,                   0,             0.11437,            0.034314,                   0,           0.0028621,           0.0028621,            0.070862
                  33,             0.10142,            0.037742,                   0,                   0,                   0,                   0,                   0,             0.11437,            0.034112,                   0,           0.0029406,           0.0029406,            0.069941
                  34,             0.10712,            0.035845,                   0,                   0,                   0,                   0,                   0,             0.11422,            0.033978,                   0,           0.0030185,           0.0030185,            0.069019
                  35,             0.10597,            0.038113,                   0,                   0,                   0,                   0,                   0,             0.11422,            0.033978,                   0,           0.0030958,           0.0030958,            0.068096
                  36,             0.10418,            0.038154,                   0,                   0,                   0,                   0,                   0,             0.11489,            0.033925,                   0,           0.0031723,           0.0031723,            0.067172
                  37,             0.10385,            0.036785,                   0,                   0,                   0,                   0,                   0,             0.11489,            0.033925,                   0,           0.0032482,           0.0032482,            0.066248
                  38,             0.10831,            0.039845,                   0,                   0,                   0,                   0,                   0,              0.1153,            0.033539,                   0,           0.0033235,           0.0033235,            0.065323
                  39,              0.1064,            0.033661,                   0,                   0,                   0,                   0,                   0,              0.1153,            0.033539,                   0,           0.0033981,           0.0033981,            0.064398
                  40,             0.10058,            0.038376,                   0,                   0,                   0,                   0,                   0,             0.11295,            0.033434,                   0,            0.003472,            0.003472,            0.063472
                  41,             0.10097,            0.033383,                   0,                   0,                   0,                   0,                   0,             0.11295,            0.033216,                   0,           0.0035453,           0.0035453,            0.062545
                  42,            0.099031,            0.038659,                   0,                   0,                   0,                   0,                   0,             0.11125,            0.033022,                   0,           0.0036179,           0.0036179,            0.061618
                  43,             0.10115,            0.038899,                   0,                   0,                   0,                   0,                   0,             0.11125,            0.033246,                   0,           0.0036898,           0.0036898,             0.06069
                  44,            0.095132,            0.036444,                   0,                   0,                   0,                   0,                   0,             0.10874,            0.033149,                   0,           0.0037611,           0.0037611,            0.059761
                  45,            0.097936,            0.041705,                   0,                   0,                   0,                   0,                   0,             0.10874,            0.033386,                   0,           0.0038317,           0.0038317,            0.058832
                  46,            0.095439,            0.035948,                   0,                   0,                   0,                   0,                   0,             0.10705,            0.033219,                   0,           0.0039017,           0.0039017,            0.057902
                  47,            0.092314,             0.03543,                   0,                   0,                   0,                   0,                   0,             0.10705,            0.033219,                   0,            0.003971,            0.003971,            0.056971
                  48,             0.10034,            0.037699,                   0,                   0,                   0,                   0,                   0,             0.10529,            0.033415,                   0,           0.0040397,           0.0040397,             0.05604
                  49,            0.096104,            0.033049,                   0,                   0,                   0,                   0,                   0,             0.10529,            0.033415,                   0,           0.0041077,           0.0041077,            0.055108
                  50,              0.1008,            0.039356,                   0,           0.0016667,             0.16667,           0.0010906,          0.00023517,              0.1043,            0.033226,                   0,            0.004175,            0.004175,            0.054175
                  51,            0.093989,            0.040745,                   0,           0.0016667,             0.16667,           0.0010906,          0.00023517,              0.1043,            0.033226,                   0,           0.0042417,           0.0042417,            0.053242
                  52,            0.092793,            0.031626,                   0,           0.0016667,             0.16667,           0.0010906,          0.00023517,              0.1043,            0.033226,                   0,           0.0043077,           0.0043077,            0.052308
                  53,            0.093781,            0.034588,                   0,           0.0016667,             0.16667,           0.0011299,          0.00017786,             0.10589,            0.032481,                   0,            0.004373,            0.004373,            0.051373
                  54,            0.092499,             0.03547,                   0,           0.0016667,             0.16667,           0.0011299,          0.00017786,             0.10589,            0.032737,                   0,           0.0044377,           0.0044377,            0.050438
                  55,             0.10039,            0.032596,                   0,           0.0016667,             0.16667,           0.0011299,          0.00017786,             0.10589,            0.032737,                   0,           0.0045017,           0.0045017,            0.049502
                  56,             0.10045,            0.036012,                   0,              0.0025,                0.25,           0.0023851,          0.00049083,             0.10642,            0.032424,                   0,           0.0045651,           0.0045651,            0.048565
                  57,            0.091574,            0.036015,                   0,              0.0025,                0.25,           0.0023851,          0.00049083,             0.10642,            0.032424,                   0,           0.0046278,           0.0046278,            0.047628
                  58,            0.096824,            0.041944,                   0,              0.0025,                0.25,           0.0023851,          0.00049083,             0.10642,            0.032424,                   0,           0.0046899,           0.0046899,             0.04669
                  59,            0.090076,             0.03344,                   0,           0.0033333,             0.33333,           0.0028827,          0.00078127,             0.10095,            0.032595,                   0,           0.0047513,           0.0047513,            0.045751
                  60,            0.087254,            0.040409,                   0,           0.0033333,             0.33333,           0.0028827,          0.00078127,             0.10095,            0.032849,                   0,            0.004812,            0.004812,            0.044812
                  61,            0.092517,            0.033336,                   0,           0.0033333,             0.33333,           0.0028827,          0.00078127,             0.10095,            0.032849,                   0,           0.0048721,           0.0048721,            0.043872
                  62,             0.08811,            0.035879,                   0,           0.0041667,             0.41667,           0.0041392,          0.00076391,            0.095702,            0.033089,                   0,           0.0049315,           0.0049315,            0.042931
                  63,            0.090901,            0.040337,                   0,           0.0041667,             0.41667,           0.0041392,          0.00076391,            0.095702,            0.033089,                   0,           0.0049902,           0.0049902,             0.04199
                  64,            0.093428,            0.033867,                   0,           0.0041667,             0.41667,           0.0041392,          0.00076391,            0.095702,            0.033338,                   0,           0.0050483,           0.0050483,            0.041048
                  65,            0.090017,            0.035747,                   0,               0.005,                 0.5,           0.0056649,           0.0020603,            0.095216,            0.033782,                   0,           0.0051057,           0.0051057,            0.040106
                  66,            0.093383,            0.035257,                   0,               0.005,                 0.5,           0.0056649,           0.0020603,            0.095216,            0.033538,                   0,           0.0051625,           0.0051625,            0.039163
                  67,            0.088569,            0.039458,                   0,               0.005,                 0.5,           0.0056649,           0.0020603,            0.095216,            0.033782,                   0,           0.0052186,           0.0052186,            0.038219
                  68,            0.093021,            0.039819,                   0,               0.005,                 0.5,           0.0088536,           0.0024096,            0.093516,             0.03372,                   0,           0.0052741,           0.0052741,            0.037274
                  69,            0.081886,            0.038567,                   0,               0.005,                 0.5,           0.0088536,           0.0024096,            0.093516,             0.03372,                   0,           0.0053289,           0.0053289,            0.036329
                  70,            0.087049,            0.042323,                   0,               0.005,                 0.5,           0.0088536,           0.0024096,            0.093516,            0.033496,                   0,            0.005383,            0.005383,            0.035383
                  71,            0.090968,            0.041858,                   0,               0.005,                 0.5,            0.015342,           0.0038799,            0.086308,            0.033464,                   0,           0.0054365,           0.0054365,            0.034436
                  72,            0.084141,            0.038269,                   0,               0.005,                 0.5,            0.015342,           0.0038799,            0.086308,            0.033678,                   0,           0.0054893,           0.0054893,            0.033489
                  73,             0.08938,            0.039053,                   0,               0.005,                 0.5,            0.015342,           0.0038799,            0.086308,            0.033678,                   0,           0.0055414,           0.0055414,            0.032541
                  74,            0.092343,            0.042487,                   0,               0.005,                 0.5,            0.027742,           0.0095634,            0.092003,             0.03259,                   0,           0.0055929,           0.0055929,            0.031593
                  75,             0.08684,            0.034639,                   0,               0.005,                 0.5,            0.027742,           0.0095634,            0.092003,             0.03259,                   0,           0.0056438,           0.0056438,            0.030644
                  76,            0.084728,            0.037516,                   0,               0.005,                 0.5,            0.027742,           0.0095634,            0.092003,            0.032382,                   0,           0.0056939,           0.0056939,            0.029694
                  77,            0.094086,              0.0354,                   0,           0.0082645,                 0.5,            0.051631,            0.011818,            0.088215,            0.031803,                   0,           0.0057434,           0.0057434,            0.028743
                  78,             0.08559,            0.044963,                   0,           0.0082645,                 0.5,            0.051631,            0.011818,            0.088215,            0.031803,                   0,           0.0057923,           0.0057923,            0.027792
                  79,            0.089863,            0.036401,                   0,           0.0082645,                 0.5,            0.051631,            0.011818,            0.088215,            0.031803,                   0,           0.0058405,           0.0058405,             0.02684
                  80,            0.086934,            0.025885,                   0,             0.98694,             0.16667,             0.21029,            0.048252,            0.099911,            0.029678,                   0,            0.005888,            0.005888,            0.025888
                  81,            0.086302,            0.032723,                   0,             0.98694,             0.16667,             0.21029,            0.048252,            0.099911,            0.029678,                   0,           0.0059349,           0.0059349,            0.024935
                  82,            0.091981,             0.03927,                   0,             0.98694,             0.16667,             0.21029,            0.048252,            0.099911,            0.029678,                   0,           0.0059811,           0.0059811,            0.023981
                  83,            0.088477,            0.038636,                   0,             0.87256,             0.16667,             0.24597,            0.065165,            0.086907,             0.02979,                   0,           0.0060266,           0.0060266,            0.023027
                  84,            0.083574,             0.02659,                   0,             0.87256,             0.16667,             0.24597,            0.065165,            0.086907,            0.029641,                   0,           0.0060715,           0.0060715,            0.022072
                  85,            0.085682,            0.030889,                   0,             0.87256,             0.16667,             0.24597,            0.065165,            0.086907,             0.02979,                   0,           0.0061157,           0.0061157,            0.021116
                  86,            0.087365,             0.02692,                   0,             0.87256,             0.16667,             0.24597,            0.065165,            0.086907,            0.029641,                   0,           0.0061593,           0.0061593,            0.020159
                  87,             0.08931,            0.024781,                   0,             0.27583,             0.16667,             0.17748,            0.074736,            0.083523,            0.028745,                   0,           0.0062022,           0.0062022,            0.019202
                  88,            0.089476,            0.032915,                   0,             0.27583,             0.16667,             0.17748,            0.074736,            0.083523,            0.028745,                   0,           0.0062445,           0.0062445,            0.018244
                  89,            0.083978,            0.028511,                   0,             0.27583,             0.16667,             0.17748,            0.074736,            0.083523,            0.028745,                   0,           0.0062861,           0.0062861,            0.017286
                  90,            0.087745,            0.030601,                   0,             0.27583,             0.16667,             0.17748,            0.074736,            0.083523,            0.028745,                   0,            0.006327,            0.006327,            0.016327
                  91,            0.085716,            0.030447,                   0,              0.3578,             0.33333,             0.21915,             0.08499,             0.08038,            0.029232,                   0,           0.0063673,           0.0063673,            0.015367
                  92,            0.077039,            0.035317,                   0,              0.3578,             0.33333,             0.21915,             0.08499,             0.08038,            0.029232,                   0,           0.0064069,           0.0064069,            0.014407
                  93,            0.076061,            0.036674,                   0,              0.3578,             0.33333,             0.21915,             0.08499,             0.08038,            0.029134,                   0,           0.0064458,           0.0064458,            0.013446
                  94,            0.075854,            0.036629,                   0,              0.3578,             0.33333,             0.21915,             0.08499,             0.08038,            0.029134,                   0,           0.0064841,           0.0064841,            0.012484
                  95,             0.07728,            0.038265,                   0,             0.34989,             0.40444,              0.2041,            0.058984,            0.088942,            0.025638,                   0,           0.0065217,           0.0065217,            0.011522
                  96,            0.081113,            0.028038,                   0,             0.34989,             0.40444,              0.2041,            0.058984,            0.088942,            0.025721,                   0,           0.0065587,           0.0065587,            0.010559
                  97,            0.080153,            0.030403,                   0,             0.34989,             0.40444,              0.2041,            0.058984,            0.088942,            0.025638,                   0,            0.006595,            0.006595,            0.009595
                  98,            0.083497,            0.033547,                   0,             0.34989,             0.40444,              0.2041,            0.058984,            0.088942,            0.025721,                   0,           0.0066307,           0.0066307,           0.0086307
                  99,            0.084292,            0.030161,                   0,             0.33425,             0.41667,             0.24187,            0.086359,            0.083514,            0.025162,                   0,           0.0066657,           0.0066657,           0.0076657
                 100,            0.083593,            0.026082,                   0,             0.33425,             0.41667,             0.24187,            0.086359,            0.083514,            0.025118,                   0,              0.0067,              0.0067,              0.0067
                 101,            0.079163,            0.033266,                   0,             0.33425,             0.41667,             0.24187,            0.086359,            0.083514,            0.025088,                   0,              0.0067,              0.0067,              0.0067
                 102,            0.077367,            0.027964,                   0,             0.33425,             0.41667,             0.24187,            0.086359,            0.083514,            0.025088,                   0,            0.006667,            0.006667,            0.006667
                 103,            0.080013,            0.024523,                   0,             0.32503,             0.40214,             0.20942,            0.065449,            0.084068,            0.024973,                   0,            0.006634,            0.006634,            0.006634
                 104,             0.08185,            0.030995,                   0,             0.32503,             0.40214,             0.20942,            0.065449,            0.084068,            0.024926,                   0,            0.006601,            0.006601,            0.006601
                 105,            0.084471,            0.031027,                   0,             0.32503,             0.40214,             0.20942,            0.065449,            0.084068,            0.024973,                   0,            0.006568,            0.006568,            0.006568
                 106,            0.078182,            0.029885,                   0,             0.32503,             0.40214,             0.20942,            0.065449,            0.084068,            0.024926,                   0,            0.006535,            0.006535,            0.006535
                 107,            0.084337,            0.031043,                   0,             0.65019,                0.25,             0.29206,             0.12511,            0.078985,            0.025008,                   0,            0.006502,            0.006502,            0.006502
                 108,            0.077056,            0.024887,                   0,             0.65019,                0.25,             0.29206,             0.12511,            0.078985,            0.024996,                   0,            0.006469,            0.006469,            0.006469
                 109,             0.08165,            0.026001,                   0,             0.65019,                0.25,             0.29206,             0.12511,            0.078985,            0.024996,                   0,            0.006436,            0.006436,            0.006436
                 110,             0.07822,            0.033159,                   0,             0.65019,                0.25,             0.29206,             0.12511,            0.078985,            0.024996,                   0,            0.006403,            0.006403,            0.006403
                 111,            0.082135,            0.023976,                   0,              0.3941,                 0.5,              0.2383,            0.074735,            0.086581,            0.024674,                   0,             0.00637,             0.00637,             0.00637
                 112,             0.08204,            0.028965,                   0,              0.3941,                 0.5,              0.2383,            0.074735,            0.086581,            0.024674,                   0,            0.006337,            0.006337,            0.006337
                 113,            0.076393,            0.028977,                   0,              0.3941,                 0.5,              0.2383,            0.074735,            0.086581,            0.024674,                   0,            0.006304,            0.006304,            0.006304
                 114,            0.077671,            0.025335,                   0,              0.3941,                 0.5,              0.2383,            0.074735,            0.086581,            0.024674,                   0,            0.006271,            0.006271,            0.006271
                 115,            0.076809,            0.025939,                   0,             0.36065,             0.33333,             0.28643,            0.094174,            0.086335,            0.026044,                   0,            0.006238,            0.006238,            0.006238
                 116,            0.077804,            0.027446,                   0,             0.36065,             0.33333,             0.28643,            0.094174,            0.086335,            0.026044,                   0,            0.006205,            0.006205,            0.006205
                 117,            0.075392,            0.024429,                   0,             0.36065,             0.33333,             0.28643,            0.094174,            0.086335,            0.026044,                   0,            0.006172,            0.006172,            0.006172
                 118,            0.071813,            0.023019,                   0,             0.36065,             0.33333,             0.28643,            0.094174,            0.086335,            0.026044,                   0,            0.006139,            0.006139,            0.006139
                 119,            0.073563,            0.026031,                   0,             0.30059,             0.33333,             0.18658,            0.052157,             0.08293,            0.026556,                   0,            0.006106,            0.006106,            0.006106
                 120,            0.073222,            0.025879,                   0,             0.30059,             0.33333,             0.18658,            0.052157,             0.08293,             0.02655,                   0,            0.006073,            0.006073,            0.006073
                 121,            0.073368,            0.025823,                   0,             0.30059,             0.33333,             0.18658,            0.052157,             0.08293,             0.02655,                   0,             0.00604,             0.00604,             0.00604
                 122,            0.074849,            0.028539,                   0,             0.30059,             0.33333,             0.18658,            0.052157,             0.08293,            0.026556,                   0,            0.006007,            0.006007,            0.006007
                 123,            0.071698,            0.031236,                   0,             0.36037,             0.41667,             0.38197,             0.15537,            0.091662,            0.024912,                   0,            0.005974,            0.005974,            0.005974
                 124,            0.077551,            0.031853,                   0,             0.36037,             0.41667,             0.38197,             0.15537,            0.091662,             0.02493,                   0,            0.005941,            0.005941,            0.005941
                 125,            0.078154,            0.029191,                   0,             0.36037,             0.41667,             0.38197,             0.15537,            0.091662,            0.024912,                   0,            0.005908,            0.005908,            0.005908
                 126,            0.078703,            0.024015,                   0,             0.36037,             0.41667,             0.38197,             0.15537,            0.091662,             0.02493,                   0,            0.005875,            0.005875,            0.005875
                 127,            0.069384,            0.035212,                   0,             0.34428,             0.43857,             0.20824,            0.055964,            0.085873,            0.025334,                   0,            0.005842,            0.005842,            0.005842
                 128,            0.069112,            0.032388,                   0,             0.34428,             0.43857,             0.20824,            0.055964,            0.085873,            0.025334,                   0,            0.005809,            0.005809,            0.005809
                 129,            0.076271,            0.027547,                   0,             0.34428,             0.43857,             0.20824,            0.055964,            0.085873,            0.025334,                   0,            0.005776,            0.005776,            0.005776
                 130,            0.075637,            0.024042,                   0,             0.34428,             0.43857,             0.20824,            0.055964,            0.085873,            0.025334,                   0,            0.005743,            0.005743,            0.005743
                 131,            0.072412,            0.025987,                   0,             0.43759,                 0.5,             0.39587,             0.11763,            0.086132,            0.024856,                   0,             0.00571,             0.00571,             0.00571
                 132,            0.075442,            0.032622,                   0,             0.43759,                 0.5,             0.39587,             0.11763,            0.086132,            0.024877,                   0,            0.005677,            0.005677,            0.005677
                 133,            0.068417,             0.02794,                   0,             0.43759,                 0.5,             0.39587,             0.11763,            0.086132,            0.024877,                   0,            0.005644,            0.005644,            0.005644
                 134,            0.072525,            0.029113,                   0,             0.43759,                 0.5,             0.39587,             0.11763,            0.086132,            0.024877,                   0,            0.005611,            0.005611,            0.005611
                 135,            0.067736,            0.027349,                   0,             0.43737,             0.41667,             0.28689,            0.071013,            0.091635,            0.024126,                   0,            0.005578,            0.005578,            0.005578
                 136,            0.072602,            0.031464,                   0,             0.43737,             0.41667,             0.28689,            0.071013,            0.091635,            0.024113,                   0,            0.005545,            0.005545,            0.005545
                 137,            0.074126,            0.027138,                   0,             0.43737,             0.41667,             0.28689,            0.071013,            0.091635,            0.024126,                   0,            0.005512,            0.005512,            0.005512
                 138,            0.069166,            0.023214,                   0,             0.43737,             0.41667,             0.28689,            0.071013,            0.091635,            0.024126,                   0,            0.005479,            0.005479,            0.005479
                 139,            0.069813,            0.027047,                   0,             0.35763,             0.83333,              0.4806,             0.16888,            0.079568,            0.024174,                   0,            0.005446,            0.005446,            0.005446
                 140,            0.061698,            0.028704,                   0,             0.35763,             0.83333,              0.4806,             0.16888,            0.079568,            0.024155,                   0,            0.005413,            0.005413,            0.005413
                 141,            0.071435,            0.023784,                   0,             0.35763,             0.83333,              0.4806,             0.16888,            0.079568,            0.024182,                   0,             0.00538,             0.00538,             0.00538
                 142,            0.065143,            0.029999,                   0,             0.35763,             0.83333,              0.4806,             0.16888,            0.079568,            0.024155,                   0,            0.005347,            0.005347,            0.005347
                 143,            0.067718,            0.024779,                   0,             0.44605,             0.67125,             0.53081,             0.16319,             0.07735,            0.023971,                   0,            0.005314,            0.005314,            0.005314
                 144,            0.070187,            0.026338,                   0,             0.44605,             0.67125,             0.53081,             0.16319,             0.07735,            0.023971,                   0,            0.005281,            0.005281,            0.005281
                 145,             0.06778,             0.02928,                   0,             0.44605,             0.67125,             0.53081,             0.16319,             0.07735,             0.02398,                   0,            0.005248,            0.005248,            0.005248
                 146,            0.062225,            0.034042,                   0,             0.44605,             0.67125,             0.53081,             0.16319,             0.07735,            0.023971,                   0,            0.005215,            0.005215,            0.005215
                 147,             0.06641,            0.026708,                   0,             0.46583,             0.65469,             0.38375,             0.12531,            0.070058,            0.024421,                   0,            0.005182,            0.005182,            0.005182
                 148,            0.064429,            0.028767,                   0,             0.46583,             0.65469,             0.38375,             0.12531,            0.070058,            0.024421,                   0,            0.005149,            0.005149,            0.005149
                 149,            0.068041,             0.02683,                   0,             0.46583,             0.65469,             0.38375,             0.12531,            0.070058,            0.024425,                   0,            0.005116,            0.005116,            0.005116
                 150,            0.060784,            0.028906,                   0,             0.46583,             0.65469,             0.38375,             0.12531,            0.070058,            0.024425,                   0,            0.005083,            0.005083,            0.005083
                 151,            0.059883,            0.032972,                   0,               0.409,             0.66667,             0.45782,             0.17194,            0.073002,            0.023324,                   0,             0.00505,             0.00505,             0.00505
                 152,            0.057008,            0.038445,                   0,               0.409,             0.66667,             0.45782,             0.17194,            0.073002,            0.023291,                   0,            0.005017,            0.005017,            0.005017
                 153,            0.064866,            0.030601,                   0,               0.409,             0.66667,             0.45782,             0.17194,            0.073002,            0.023291,                   0,            0.004984,            0.004984,            0.004984
                 154,            0.062149,            0.023188,                   0,               0.409,             0.66667,             0.45782,             0.17194,            0.073002,            0.023291,                   0,            0.004951,            0.004951,            0.004951
                 155,            0.062297,            0.025804,                   0,             0.37277,             0.66667,             0.30715,            0.093166,            0.076199,             0.02251,                   0,            0.004918,            0.004918,            0.004918
                 156,            0.061467,              0.0279,                   0,             0.37277,             0.66667,             0.30715,            0.093166,            0.076199,             0.02251,                   0,            0.004885,            0.004885,            0.004885
                 157,            0.060466,            0.025116,                   0,             0.37277,             0.66667,             0.30715,            0.093166,            0.076199,             0.02251,                   0,            0.004852,            0.004852,            0.004852
                 158,            0.061765,            0.021527,                   0,             0.37277,             0.66667,             0.30715,            0.093166,            0.076199,            0.022507,                   0,            0.004819,            0.004819,            0.004819
                 159,             0.06604,            0.021815,                   0,             0.54096,                0.75,             0.54515,             0.19687,            0.070772,            0.022283,                   0,            0.004786,            0.004786,            0.004786
                 160,            0.065107,            0.024904,                   0,             0.54096,                0.75,             0.54515,             0.19687,            0.070772,            0.022262,                   0,            0.004753,            0.004753,            0.004753
                 161,            0.061563,            0.025687,                   0,             0.54096,                0.75,             0.54515,             0.19687,            0.070772,            0.022262,                   0,             0.00472,             0.00472,             0.00472
                 162,            0.067103,            0.027247,                   0,             0.54096,                0.75,             0.54515,             0.19687,            0.070772,            0.022262,                   0,            0.004687,            0.004687,            0.004687
                 163,            0.063143,            0.028829,                   0,             0.63781,             0.73468,             0.52186,             0.14999,             0.06961,            0.021975,                   0,            0.004654,            0.004654,            0.004654
                 164,             0.06381,            0.026299,                   0,             0.63781,             0.73468,             0.52186,             0.14999,             0.06961,            0.021978,                   0,            0.004621,            0.004621,            0.004621
                 165,            0.060102,            0.026739,                   0,             0.63781,             0.73468,             0.52186,             0.14999,             0.06961,            0.021978,                   0,            0.004588,            0.004588,            0.004588
                 166,            0.059412,            0.026551,                   0,             0.63781,             0.73468,             0.52186,             0.14999,             0.06961,            0.021978,                   0,            0.004555,            0.004555,            0.004555
                 167,            0.057948,            0.020509,                   0,             0.41149,             0.46761,             0.31976,            0.092863,            0.069077,            0.021687,                   0,            0.004522,            0.004522,            0.004522
                 168,            0.059953,            0.025361,                   0,             0.41149,             0.46761,             0.31976,            0.092863,            0.069077,            0.021701,                   0,            0.004489,            0.004489,            0.004489
                 169,            0.059694,            0.020993,                   0,             0.41149,             0.46761,             0.31976,            0.092863,            0.069077,            0.021701,                   0,            0.004456,            0.004456,            0.004456
                 170,            0.068397,            0.025009,                   0,             0.41149,             0.46761,             0.31976,            0.092863,            0.069077,            0.021687,                   0,            0.004423,            0.004423,            0.004423
                 171,            0.060312,            0.029825,                   0,             0.36327,             0.58333,             0.45329,             0.14402,            0.066714,            0.021743,                   0,             0.00439,             0.00439,             0.00439
                 172,            0.060286,            0.030486,                   0,             0.36327,             0.58333,             0.45329,             0.14402,            0.066714,            0.021743,                   0,            0.004357,            0.004357,            0.004357
                 173,            0.067133,            0.025765,                   0,             0.36327,             0.58333,             0.45329,             0.14402,            0.066714,            0.021743,                   0,            0.004324,            0.004324,            0.004324
                 174,            0.060962,            0.024148,                   0,             0.36327,             0.58333,             0.45329,             0.14402,            0.066714,            0.021746,                   0,            0.004291,            0.004291,            0.004291
                 175,            0.064544,            0.023728,                   0,             0.42411,                 0.5,             0.35652,             0.11108,            0.070801,            0.020943,                   0,            0.004258,            0.004258,            0.004258
                 176,            0.066161,            0.025375,                   0,             0.42411,                 0.5,             0.35652,             0.11108,            0.070801,            0.020954,                   0,            0.004225,            0.004225,            0.004225
                 177,            0.061788,            0.020374,                   0,             0.42411,                 0.5,             0.35652,             0.11108,            0.070801,            0.020954,                   0,            0.004192,            0.004192,            0.004192
                 178,            0.058977,            0.018496,                   0,             0.42411,                 0.5,             0.35652,             0.11108,            0.070801,            0.020943,                   0,            0.004159,            0.004159,            0.004159
                 179,            0.065841,            0.024142,                   0,             0.51705,             0.71498,             0.61242,             0.18617,            0.064758,            0.021033,                   0,            0.004126,            0.004126,            0.004126
                 180,            0.060428,            0.025653,                   0,             0.51705,             0.71498,             0.61242,             0.18617,            0.064758,            0.021033,                   0,            0.004093,            0.004093,            0.004093
                 181,             0.06288,            0.025111,                   0,             0.51705,             0.71498,             0.61242,             0.18617,            0.064758,            0.021033,                   0,             0.00406,             0.00406,             0.00406
                 182,            0.061506,            0.029254,                   0,             0.51705,             0.71498,             0.61242,             0.18617,            0.064758,            0.021035,                   0,            0.004027,            0.004027,            0.004027
                 183,             0.06077,            0.024594,                   0,             0.47617,                 0.5,             0.44764,             0.13839,            0.069588,            0.020309,                   0,            0.003994,            0.003994,            0.003994
                 184,            0.058078,            0.027186,                   0,             0.47617,                 0.5,             0.44764,             0.13839,            0.069588,            0.020309,                   0,            0.003961,            0.003961,            0.003961
                 185,            0.053366,            0.022423,                   0,             0.47617,                 0.5,             0.44764,             0.13839,            0.069588,            0.020309,                   0,            0.003928,            0.003928,            0.003928
                 186,             0.06835,            0.026348,                   0,             0.47617,                 0.5,             0.44764,             0.13839,            0.069588,            0.020318,                   0,            0.003895,            0.003895,            0.003895
                 187,            0.058751,             0.02866,                   0,             0.51273,                0.75,             0.61328,             0.19383,            0.064987,            0.020221,                   0,            0.003862,            0.003862,            0.003862
                 188,            0.052422,            0.028293,                   0,             0.51273,                0.75,             0.61328,             0.19383,            0.064987,            0.020221,                   0,            0.003829,            0.003829,            0.003829
                 189,            0.050101,            0.028676,                   0,             0.51273,                0.75,             0.61328,             0.19383,            0.064987,            0.020234,                   0,            0.003796,            0.003796,            0.003796
                 190,            0.055536,            0.025188,                   0,             0.51273,                0.75,             0.61328,             0.19383,            0.064987,            0.020234,                   0,            0.003763,            0.003763,            0.003763
                 191,            0.056098,            0.029563,                   0,             0.57818,             0.58333,             0.48388,             0.11887,            0.069031,            0.019701,                   0,             0.00373,             0.00373,             0.00373
                 192,            0.060296,            0.027102,                   0,             0.57818,             0.58333,             0.48388,             0.11887,            0.069031,            0.019701,                   0,            0.003697,            0.003697,            0.003697
                 193,            0.060755,            0.021585,                   0,             0.57818,             0.58333,             0.48388,             0.11887,            0.069031,            0.019701,                   0,            0.003664,            0.003664,            0.003664
                 194,            0.060114,            0.024811,                   0,             0.57818,             0.58333,             0.48388,             0.11887,            0.069031,            0.019701,                   0,            0.003631,            0.003631,            0.003631
                 195,            0.053803,            0.023197,                   0,             0.59614,             0.66667,             0.50571,             0.12643,            0.065237,             0.01976,                   0,            0.003598,            0.003598,            0.003598
                 196,            0.053989,            0.024022,                   0,             0.59614,             0.66667,             0.50571,             0.12643,            0.065237,            0.019755,                   0,            0.003565,            0.003565,            0.003565
                 197,            0.057972,            0.024052,                   0,             0.59614,             0.66667,             0.50571,             0.12643,            0.065237,             0.01976,                   0,            0.003532,            0.003532,            0.003532
                 198,            0.056769,            0.022958,                   0,             0.59614,             0.66667,             0.50571,             0.12643,            0.065237,            0.019755,                   0,            0.003499,            0.003499,            0.003499
                 199,            0.061695,            0.023953,                   0,             0.45735,             0.66667,             0.57989,             0.18464,            0.070874,            0.018947,                   0,            0.003466,            0.003466,            0.003466
                 200,            0.068111,            0.021382,                   0,             0.45735,             0.66667,             0.57989,             0.18464,            0.070874,            0.018947,                   0,            0.003433,            0.003433,            0.003433
                 201,            0.069619,            0.021849,                   0,             0.45735,             0.66667,             0.57989,             0.18464,            0.070874,            0.018947,                   0,              0.0034,              0.0034,              0.0034
                 202,             0.06544,            0.019886,                   0,             0.45735,             0.66667,             0.57989,             0.18464,            0.070874,            0.018947,                   0,            0.003367,            0.003367,            0.003367
                 203,            0.066331,            0.023442,                   0,             0.45931,             0.66667,             0.58226,             0.18084,             0.07065,            0.018913,                   0,            0.003334,            0.003334,            0.003334
                 204,            0.066762,            0.024759,                   0,             0.45931,             0.66667,             0.58226,             0.18084,             0.07065,            0.018911,                   0,            0.003301,            0.003301,            0.003301
                 205,            0.066299,            0.023075,                   0,             0.45931,             0.66667,             0.58226,             0.18084,             0.07065,            0.018913,                   0,            0.003268,            0.003268,            0.003268
                 206,            0.064186,             0.02094,                   0,             0.45931,             0.66667,             0.58226,             0.18084,             0.07065,            0.018913,                   0,            0.003235,            0.003235,            0.003235
                 207,            0.063549,            0.024057,                   0,             0.54071,             0.66667,             0.48404,             0.16846,            0.063721,             0.01924,                   0,            0.003202,            0.003202,            0.003202
                 208,            0.057472,            0.021891,                   0,             0.54071,             0.66667,             0.48404,             0.16846,            0.063721,            0.019258,                   0,            0.003169,            0.003169,            0.003169
                 209,            0.057087,            0.031286,                   0,             0.54071,             0.66667,             0.48404,             0.16846,            0.063721,            0.019258,                   0,            0.003136,            0.003136,            0.003136
                 210,            0.054559,            0.017917,                   0,             0.54071,             0.66667,             0.48404,             0.16846,            0.063721,             0.01924,                   0,            0.003103,            0.003103,            0.003103
                 211,            0.054948,            0.019668,                   0,             0.53825,                 0.5,             0.47126,             0.14309,            0.059007,             0.01942,                   0,             0.00307,             0.00307,             0.00307
                 212,            0.052771,            0.026257,                   0,             0.53825,                 0.5,             0.47126,             0.14309,            0.059007,             0.01942,                   0,            0.003037,            0.003037,            0.003037
                 213,            0.053912,             0.01834,                   0,             0.53825,                 0.5,             0.47126,             0.14309,            0.059007,             0.01944,                   0,            0.003004,            0.003004,            0.003004
                 214,            0.054474,            0.027294,                   0,             0.53825,                 0.5,             0.47126,             0.14309,            0.059007,             0.01942,                   0,            0.002971,            0.002971,            0.002971
                 215,            0.052061,            0.025235,                   0,             0.53263,             0.66667,             0.51438,             0.19956,            0.054521,            0.019321,                   0,            0.002938,            0.002938,            0.002938
                 216,            0.053276,            0.025756,                   0,             0.53263,             0.66667,             0.51438,             0.19956,            0.054521,            0.019336,                   0,            0.002905,            0.002905,            0.002905
                 217,            0.058129,            0.026228,                   0,             0.53263,             0.66667,             0.51438,             0.19956,            0.054521,            0.019321,                   0,            0.002872,            0.002872,            0.002872
                 218,            0.051034,            0.025434,                   0,             0.53263,             0.66667,             0.51438,             0.19956,            0.054521,            0.019321,                   0,            0.002839,            0.002839,            0.002839
                 219,            0.053489,            0.028931,                   0,             0.55096,             0.58333,             0.52881,             0.19922,            0.054653,            0.019282,                   0,            0.002806,            0.002806,            0.002806
                 220,            0.049935,            0.021274,                   0,             0.55096,             0.58333,             0.52881,             0.19922,            0.054653,            0.019268,                   0,            0.002773,            0.002773,            0.002773
                 221,            0.050584,            0.027427,                   0,             0.55096,             0.58333,             0.52881,             0.19922,            0.054653,            0.019268,                   0,             0.00274,             0.00274,             0.00274
                 222,            0.048178,            0.024637,                   0,             0.55096,             0.58333,             0.52881,             0.19922,            0.054653,            0.019274,                   0,            0.002707,            0.002707,            0.002707
                 223,            0.051159,            0.026107,                   0,             0.39672,             0.83333,             0.46663,               0.165,            0.057992,            0.019088,                   0,            0.002674,            0.002674,            0.002674
                 224,            0.052894,            0.020778,                   0,             0.39672,             0.83333,             0.46663,               0.165,            0.057992,            0.019088,                   0,            0.002641,            0.002641,            0.002641
                 225,            0.049857,            0.021126,                   0,             0.39672,             0.83333,             0.46663,               0.165,            0.057992,            0.019088,                   0,            0.002608,            0.002608,            0.002608
                 226,            0.053113,            0.024323,                   0,             0.39672,             0.83333,             0.46663,               0.165,            0.057992,            0.019088,                   0,            0.002575,            0.002575,            0.002575
                 227,            0.049968,            0.023337,                   0,             0.42921,             0.83333,             0.49749,             0.15426,            0.060447,            0.019071,                   0,            0.002542,            0.002542,            0.002542
                 228,            0.048723,            0.030279,                   0,             0.42921,             0.83333,             0.49749,             0.15426,            0.060447,            0.019062,                   0,            0.002509,            0.002509,            0.002509
                 229,             0.05262,            0.023242,                   0,             0.42921,             0.83333,             0.49749,             0.15426,            0.060447,            0.019062,                   0,            0.002476,            0.002476,            0.002476
                 230,            0.047965,            0.021279,                   0,             0.42921,             0.83333,             0.49749,             0.15426,            0.060447,            0.019071,                   0,            0.002443,            0.002443,            0.002443
                 231,            0.047742,            0.017286,                   0,             0.49322,             0.73079,             0.56475,             0.19971,            0.056884,             0.01889,                   0,             0.00241,             0.00241,             0.00241
                 232,            0.052273,            0.021762,                   0,             0.49322,             0.73079,             0.56475,             0.19971,            0.056884,            0.018897,                   0,            0.002377,            0.002377,            0.002377
                 233,             0.05148,            0.022934,                   0,             0.49322,             0.73079,             0.56475,             0.19971,            0.056884,            0.018897,                   0,            0.002344,            0.002344,            0.002344
                 234,            0.052648,            0.025842,                   0,             0.49322,             0.73079,             0.56475,             0.19971,            0.056884,             0.01889,                   0,            0.002311,            0.002311,            0.002311
                 235,            0.053502,            0.020099,                   0,             0.60531,             0.58333,             0.57395,             0.18206,            0.055384,            0.018841,                   0,            0.002278,            0.002278,            0.002278
                 236,            0.051238,            0.024527,                   0,             0.60531,             0.58333,             0.57395,             0.18206,            0.055384,            0.018841,                   0,            0.002245,            0.002245,            0.002245
                 237,            0.056546,            0.024044,                   0,             0.60531,             0.58333,             0.57395,             0.18206,            0.055384,            0.018852,                   0,            0.002212,            0.002212,            0.002212
                 238,            0.053848,            0.020282,                   0,             0.60531,             0.58333,             0.57395,             0.18206,            0.055384,            0.018841,                   0,            0.002179,            0.002179,            0.002179
                 239,            0.049037,            0.021901,                   0,             0.72351,             0.65518,             0.60656,             0.18954,            0.054963,            0.018652,                   0,            0.002146,            0.002146,            0.002146
                 240,            0.047277,            0.018674,                   0,             0.72351,             0.65518,             0.60656,             0.18954,            0.054963,            0.018663,                   0,            0.002113,            0.002113,            0.002113
                 241,            0.050014,            0.024686,                   0,             0.72351,             0.65518,             0.60656,             0.18954,            0.054963,            0.018663,                   0,             0.00208,             0.00208,             0.00208
                 242,            0.049951,              0.0194,                   0,             0.72351,             0.65518,             0.60656,             0.18954,            0.054963,            0.018663,                   0,            0.002047,            0.002047,            0.002047
                 243,            0.047714,            0.023414,                   0,             0.61013,             0.58333,             0.51564,             0.17022,            0.057018,            0.018414,                   0,            0.002014,            0.002014,            0.002014
                 244,            0.044201,            0.021537,                   0,             0.61013,             0.58333,             0.51564,             0.17022,            0.057018,            0.018414,                   0,            0.001981,            0.001981,            0.001981
                 245,            0.045184,            0.023895,                   0,             0.61013,             0.58333,             0.51564,             0.17022,            0.057018,            0.018424,                   0,            0.001948,            0.001948,            0.001948
                 246,            0.047191,            0.023872,                   0,             0.61013,             0.58333,             0.51564,             0.17022,            0.057018,            0.018414,                   0,            0.001915,            0.001915,            0.001915
                 247,            0.047344,            0.019826,                   0,             0.71921,                0.75,              0.7086,             0.25847,            0.051754,            0.018421,                   0,            0.001882,            0.001882,            0.001882
                 248,            0.046435,            0.025399,                   0,             0.71921,                0.75,              0.7086,             0.25847,            0.051754,            0.018416,                   0,            0.001849,            0.001849,            0.001849
                 249,            0.042023,            0.020781,                   0,             0.71921,                0.75,              0.7086,             0.25847,            0.051754,            0.018431,                   0,            0.001816,            0.001816,            0.001816
                 250,            0.048039,            0.022185,                   0,             0.71921,                0.75,              0.7086,             0.25847,            0.051754,            0.018431,                   0,            0.001783,            0.001783,            0.001783
                 251,            0.049667,             0.02305,                   0,             0.89891,              0.7418,             0.81465,             0.27245,            0.051426,            0.018182,                   0,             0.00175,             0.00175,             0.00175
                 252,             0.05215,            0.020986,                   0,             0.89891,              0.7418,             0.81465,             0.27245,            0.051426,            0.018182,                   0,            0.001717,            0.001717,            0.001717
                 253,            0.052471,            0.021218,                   0,             0.89891,              0.7418,             0.81465,             0.27245,            0.051426,            0.018182,                   0,            0.001684,            0.001684,            0.001684
                 254,            0.050816,              0.0216,                   0,             0.89891,              0.7418,             0.81465,             0.27245,            0.051426,            0.018182,                   0,            0.001651,            0.001651,            0.001651
                 255,            0.049885,            0.022011,                   0,             0.72567,             0.66667,             0.65113,             0.23825,            0.051947,             0.01822,                   0,            0.001618,            0.001618,            0.001618
                 256,            0.048152,            0.022994,                   0,             0.72567,             0.66667,             0.65113,             0.23825,            0.051947,            0.018238,                   0,            0.001585,            0.001585,            0.001585
                 257,            0.051642,            0.023005,                   0,             0.72567,             0.66667,             0.65113,             0.23825,            0.051947,            0.018238,                   0,            0.001552,            0.001552,            0.001552
                 258,            0.051379,            0.019793,                   0,             0.72567,             0.66667,             0.65113,             0.23825,            0.051947,             0.01822,                   0,            0.001519,            0.001519,            0.001519
                 259,            0.047882,             0.02276,                   0,             0.73986,             0.66667,             0.59733,              0.1761,             0.05631,            0.018194,                   0,            0.001486,            0.001486,            0.001486
                 260,            0.050715,            0.018024,                   0,             0.73986,             0.66667,             0.59733,              0.1761,             0.05631,            0.018212,                   0,            0.001453,            0.001453,            0.001453
                 261,            0.046717,            0.022607,                   0,             0.73986,             0.66667,             0.59733,              0.1761,             0.05631,            0.018194,                   0,             0.00142,             0.00142,             0.00142
                 262,            0.048695,            0.022446,                   0,             0.73986,             0.66667,             0.59733,              0.1761,             0.05631,            0.018194,                   0,            0.001387,            0.001387,            0.001387
                 263,            0.054075,            0.021404,                   0,             0.85185,             0.66667,                0.74,             0.24709,            0.051943,            0.018122,                   0,            0.001354,            0.001354,            0.001354
                 264,             0.04651,            0.023553,                   0,             0.85185,             0.66667,                0.74,             0.24709,            0.051943,            0.018102,                   0,            0.001321,            0.001321,            0.001321
                 265,            0.048074,            0.019309,                   0,             0.85185,             0.66667,                0.74,             0.24709,            0.051943,            0.018122,                   0,            0.001288,            0.001288,            0.001288
                 266,             0.04636,            0.023698,                   0,             0.85185,             0.66667,                0.74,             0.24709,            0.051943,            0.018122,                   0,            0.001255,            0.001255,            0.001255
                 267,            0.045655,            0.022615,                   0,             0.84147,                0.75,             0.79152,             0.20771,            0.054549,            0.018089,                   0,            0.001222,            0.001222,            0.001222
                 268,            0.047262,            0.018704,                   0,             0.84147,                0.75,             0.79152,             0.20771,            0.054549,            0.018089,                   0,            0.001189,            0.001189,            0.001189
                 269,            0.047007,             0.01793,                   0,             0.84147,                0.75,             0.79152,             0.20771,            0.054549,            0.018089,                   0,            0.001156,            0.001156,            0.001156
                 270,            0.044195,            0.022894,                   0,             0.84147,                0.75,             0.79152,             0.20771,            0.054549,             0.01807,                   0,            0.001123,            0.001123,            0.001123
                 271,            0.043432,            0.021537,                   0,             0.86277,                0.75,             0.78876,             0.24634,             0.05036,             0.01804,                   0,             0.00109,             0.00109,             0.00109
                 272,            0.046629,            0.020469,                   0,             0.86277,                0.75,             0.78876,             0.24634,             0.05036,            0.018057,                   0,            0.001057,            0.001057,            0.001057
                 273,            0.042221,              0.0222,                   0,             0.86277,                0.75,             0.78876,             0.24634,             0.05036,            0.018057,                   0,            0.001024,            0.001024,            0.001024
                 274,            0.045134,            0.023339,                   0,             0.86277,                0.75,             0.78876,             0.24634,             0.05036,            0.018057,                   0,            0.000991,            0.000991,            0.000991
                 275,            0.048655,            0.021788,                   0,             0.87756,                0.75,             0.85247,             0.24631,            0.048384,            0.017972,                   0,            0.000958,            0.000958,            0.000958
                 276,             0.04316,            0.023606,                   0,             0.87756,                0.75,             0.85247,             0.24631,            0.048384,            0.017988,                   0,            0.000925,            0.000925,            0.000925
                 277,            0.047361,             0.02188,                   0,             0.87756,                0.75,             0.85247,             0.24631,            0.048384,            0.017988,                   0,            0.000892,            0.000892,            0.000892
                 278,            0.044921,            0.019388,                   0,             0.87756,                0.75,             0.85247,             0.24631,            0.048384,            0.017988,                   0,            0.000859,            0.000859,            0.000859
                 279,            0.058504,            0.021727,                   0,             0.86743,                0.75,             0.78715,             0.21858,             0.05082,            0.017971,                   0,            0.000826,            0.000826,            0.000826
                 280,            0.048869,             0.02158,                   0,             0.86743,                0.75,             0.78715,             0.21858,             0.05082,            0.017954,                   0,            0.000793,            0.000793,            0.000793
                 281,            0.046678,            0.024954,                   0,             0.86743,                0.75,             0.78715,             0.21858,             0.05082,            0.017954,                   0,             0.00076,             0.00076,             0.00076
                 282,            0.042665,              0.0179,                   0,             0.86743,                0.75,             0.78715,             0.21858,             0.05082,            0.017971,                   0,            0.000727,            0.000727,            0.000727
                 283,            0.043782,            0.022062,                   0,             0.86621,                0.75,             0.78828,             0.20849,            0.054189,            0.017985,                   0,            0.000694,            0.000694,            0.000694
                 284,            0.044507,            0.023528,                   0,             0.86621,                0.75,             0.78828,             0.20849,            0.054189,            0.017968,                   0,            0.000661,            0.000661,            0.000661
                 285,            0.041694,            0.022731,                   0,             0.86621,                0.75,             0.78828,             0.20849,            0.054189,            0.017985,                   0,            0.000628,            0.000628,            0.000628
                 286,            0.047516,             0.02585,                   0,             0.86621,                0.75,             0.78828,             0.20849,            0.054189,            0.017985,                   0,            0.000595,            0.000595,            0.000595
                 287,            0.044664,            0.025527,                   0,             0.86632,                0.75,             0.76378,             0.18102,             0.05543,             0.01789,                   0,            0.000562,            0.000562,            0.000562
                 288,            0.045448,            0.018544,                   0,             0.86632,                0.75,             0.76378,             0.18102,             0.05543,            0.017873,                   0,            0.000529,            0.000529,            0.000529
                 289,            0.040452,            0.021247,                   0,             0.86632,                0.75,             0.76378,             0.18102,             0.05543,            0.017873,                   0,            0.000496,            0.000496,            0.000496
                 290,             0.04152,            0.020404,                   0,             0.86632,                0.75,             0.76378,             0.18102,             0.05543,            0.017873,                   0,            0.000463,            0.000463,            0.000463
                 291,            0.039642,            0.025896,                   0,             0.86599,                0.75,              0.7632,             0.19349,            0.054704,            0.017861,                   0,             0.00043,             0.00043,             0.00043
                 292,            0.047154,            0.025057,                   0,             0.86599,                0.75,              0.7632,             0.19349,            0.054704,            0.017861,                   0,            0.000397,            0.000397,            0.000397
                 293,            0.047075,            0.019992,                   0,             0.86599,                0.75,              0.7632,             0.19349,            0.054704,            0.017861,                   0,            0.000364,            0.000364,            0.000364
                 294,            0.043111,            0.021873,                   0,             0.86599,                0.75,              0.7632,             0.19349,            0.054704,            0.017867,                   0,            0.000331,            0.000331,            0.000331
                 295,            0.047932,            0.022588,                   0,             0.86739,                0.75,              0.7909,             0.22284,            0.053072,            0.017861,                   0,            0.000298,            0.000298,            0.000298
                 296,            0.048139,            0.021172,                   0,             0.86739,                0.75,              0.7909,             0.22284,            0.053072,            0.017846,                   0,            0.000265,            0.000265,            0.000265
                 297,            0.044672,            0.024712,                   0,             0.86739,                0.75,              0.7909,             0.22284,            0.053072,            0.017861,                   0,            0.000232,            0.000232,            0.000232
                 298,            0.047796,            0.023844,                   0,             0.86739,                0.75,              0.7909,             0.22284,            0.053072,            0.017846,                   0,            0.000199,            0.000199,            0.000199
                 299,            0.045522,             0.01591,                   0,             0.86806,                0.75,             0.77215,             0.22052,            0.052593,            0.017813,                   0,            0.000166,            0.000166,            0.000166
